Patient ID,Visit,Date,Age,Gender,Systolic BP (mmHg),Diastolic BP (mmHg),Glucose (mg/dL),Readmission Risk Score
P001,1,2026-01-10,34,Female,116,74,92,10
P001,2,2026-02-10,34,Female,120,76,96,10
P001,3,2026-03-10,34,Female,118,75,94,10
P001,4,2026-04-10,34,Female,122,77,98,10
P001,5,2026-05-10,34,Female,118,75,95,10
P002,1,2026-01-12,47,Male,124,80,105,20
P002,2,2026-02-12,47,Male,128,82,108,20
P002,3,2026-03-12,47,Male,126,81,110,20
P002,4,2026-04-12,47,Male,130,83,106,20
P002,5,2026-05-12,47,Male,126,80,104,20
P003,1,2026-01-15,58,Female,132,84,128,35
P003,2,2026-02-15,58,Female,135,86,132,35
P003,3,2026-03-15,58,Female,140,88,136,35
P003,4,2026-04-15,58,Female,136,85,130,35
P003,5,2026-05-15,58,Female,138,86,134,35
P004,1,2026-01-18,66,Male,138,86,151,60
P004,2,2026-02-18,66,Male,142,88,155,60
P004,3,2026-03-18,66,Male,147,90,160,60
P004,4,2026-04-18,66,Male,144,89,156,60
P004,5,2026-05-18,66,Male,145,88,153,60
P005,1,2026-01-20,72,Female,150,92,185,75
P005,2,2026-02-20,72,Female,155,94,190,75
P005,3,2026-03-20,72,Female,158,96,195,75
P005,4,2026-04-20,72,Female,162,98,200,75
P005,5,2026-05-20,72,Female,160,96,188,75